{
  "version": 1,
  "author": "Anonymous maker",
  "editor": "wokwi",
  "parts": [
    { "type": "wokwi-esp32-devkit-v1", "id": "esp", "top": 0, "left": 0, "attrs": {} },
    {
      "type": "wokwi-led",
      "id": "led1",
      "top": 57.12,
      "left": 186.88,
      "attrs": { "color": "green" }
    },
    {
      "type": "wokwi-led",
      "id": "led2",
      "top": -49.09,
      "left": 162.06,
      "attrs": { "color": "green" }
    },
    {
      "type": "wokwi-led",
      "id": "led3",
      "top": 20.75,
      "left": 240.88,
      "attrs": { "color": "green" }
    },
    { "type": "wokwi-hc-sr04", "id": "ultrasonic1", "top": 167.54, "left": 183.71, "attrs": {} },
    {
      "type": "wokwi-photoresistor-sensor",
      "id": "ldr1",
      "top": -115.75,
      "left": -137.29,
      "attrs": {}
    },
    {
      "type": "wokwi-buzzer",
      "id": "bz1",
      "top": 39.73,
      "left": -174.21,
      "attrs": { "volume": "0.1" }
    }
  ],
  "connections": [
    [ "esp:TX0", "$serialMonitor:RX", "", [] ],
    [ "esp:RX0", "$serialMonitor:TX", "", [] ],
    [ "led3:C", "esp:GND.1", "green", [ "v0" ] ],
    [ "led1:C", "esp:GND.1", "green", [ "v0" ] ],
    [ "led2:C", "esp:GND.1", "green", [ "v0" ] ],
    [ "led2:A", "esp:D4", "green", [ "v0" ] ],
    [ "led1:A", "esp:D15", "green", [ "v0" ] ],
    [ "led3:A", "esp:D2", "green", [ "v0" ] ],
    [ "ldr1:AO", "esp:D34", "green", [ "h88.14", "v117.98" ] ],
    [ "esp:D19", "bz1:2", "green", [ "h-174.02", "v38.39" ] ],
    [ "bz1:1", "esp:GND.2", "green", [ "v0" ] ],
    [ "esp:D12", "ultrasonic1:GND", "green", [ "h-0.89", "v147.82" ] ],
    [ "esp:D14", "ultrasonic1:ECHO", "green", [ "h-59.76", "v102.34", "h332.26" ] ],
    [ "ldr1:VCC", "esp:VIN", "red", [ "h-182.26", "v71.65", "h146.68" ] ],
    [ "ldr1:GND", "esp:GND.1", "black", [ "h0" ] ],
    [ "esp:3V3", "ultrasonic1:GND", "green", [ "v0" ] ]
  ],
  "dependencies": {}
}